File Name,Start Time
FM_021-1_Drop_Jumps_Rep_1.4.hpf,2023/12/17 09:29:47.9439197
FM_031_Drop_Jumps_Rep_1.11.hpf,2023/12/17 10:31:08.1882879
FM_028_Drop_Jumps_Rep_1.26.hpf,2023/12/17 11:42:33.5367697
FM_030_Drop_Jumps_Rep_1.5.hpf,2023/12/17 12:46:28.7178408
FM_019_Drop_Jumps_Rep_1.11.hpf,2023/12/17 09:52:05.2002396
FM_023_Drop_Jumps_Rep_1.17.hpf,2023/12/17 11:02:43.2388720
FM_032_Drop_Jumps_Rep_1.23.hpf,2023/12/17 11:28:24.5260228
FM_033_Drop_Jumps_Rep_1.8.hpf,2023/12/17 01:02:00.8469882
FM_026_Drop_Jumps_Rep_1.7.hpf,2023/12/17 09:41:01.0909381
FM_034_Drop_Jumps_Rep_1.11.hpf,2023/12/17 01:21:53.8246071
FM_025_Drop_Jumps_Rep_1.20.hpf,2023/12/17 11:15:44.2153630
FM_024_Drop_Jumps_Rep_1.14.hpf,2023/12/17 10:56:00.3419950
FM_027_Drop_Jumps_Rep_1.2.hpf,2023/12/17 10:05:04.7196572
FM_029_Drop_Jumps_Rep_1.2.hpf,2023/12/17 12:21:35.4259126
